gamma,f,p_depolarizing,p_readout_error,eavesdropper
0.6009668412920504,0.07497869307820589,0.15301430772715618,0.011860087878486827,True
0.6004256794976184,0.0197037404157231,0.21134213142438074,0.09407655575304193,False
0.6004010739319098,0.08865146480675339,0.24317398991512593,0.05687068335499778,True
0.6006566480490544,0.06782450335392157,0.26118318154605497,0.071487741888007,False
0.599024757398324,0.04192317354467673,0.21898792327480926,0.05367330357963299,False
0.5996777583795673,0.030444177606333438,0.2900121856367832,0.018672403784640183,True
0.6000473467127051,0.04285248849486828,0.2912762812102268,0.06223860873236259,True
0.5998063181404024,0.08908572889574606,0.15905328660345142,0.03232373183498763,False
0.5991226264954749,0.012852421799204601,0.1962869071274346,0.06500053608508966,False
0.5997450182145592,0.09384500721987002,0.2736148737183992,0.05394578470773173,False
0.6006557016080404,0.04007598253693567,0.2778023655718316,0.09979308428673579,True
0.6005518028523993,0.02375381086658769,0.2786549025558045,0.018144377830755766,True
0.5994799093616621,0.06555231564960305,0.2898974321463657,0.09418151900130103,True
0.599189999546548,0.0562322071557113,0.19005676650868,0.0399813491530385,False
0.599978844643455,0.02509100534323584,0.22187141899312063,0.07048458195073365,False
0.6004461694622862,0.06349852134104263,0.20755506243045663,0.08287755087109944,False
0.5995276982543036,0.06727013411168438,0.29396774825034233,0.09576726612909281,False
0.6004316096357087,0.09746090656167894,0.20647396118034228,0.02677449650208511,True
0.6002129369151293,0.01761074021027969,0.1272579278038752,0.08562435590751874,True
0.6007421510715969,0.09879645964108667,0.11739617506317146,0.038473943347879146,False
0.6005785955253273,0.05352928835630146,0.1916465459239486,0.06795905573653128,True
0.600074362002137,0.02755288048659073,0.21007708337405634,0.04891808375510438,True
0.6007779559013007,0.030158133244386372,0.13728919338802878,0.072173569892569,False
0.6009287754275283,0.03223079366336538,0.28844726385706193,0.08762100584577158,False
0.5990027561509613,0.09843804041393717,0.14681811815774568,0.06495810848340754,True
0.6004754852447874,0.013152745126550795,0.18997292699443333,0.025228408855821033,False
0.6002820452098516,0.053142346246906856,0.2625156041411538,0.05281392886994427,True
0.6001212384341807,0.06517698133777003,0.16671728557137455,0.09511580680329898,False
0.6008752751411134,0.019832799717049154,0.15419230936102307,0.06682978783482539,False
0.6007633371236628,0.0042517497782216425,0.25474958037887646,0.028657511231809124,True
0.5999143663811173,0.09149147181165727,0.14878445705375812,0.09478080341807157,True
0.5995628712909696,0.038689278469191846,0.15520820687202602,0.024208313111008704,False
0.5998267008086894,0.0782174987223921,0.26005130071064675,0.07577891512391921,True
0.6000556186010112,0.0732069361364659,0.18171045208734837,0.0609506879428301,True
0.5997366761294818,0.02099897584484118,0.24361102888512623,0.08859820415389973,True
0.5993835076151862,0.08187213950699423,0.17860151212778322,0.08268680223462273,False
0.5992747966203359,0.024493313249387288,0.17384105385499876,0.02238480382206301,True
0.5990485517648982,0.059407843626711185,0.2410514964610499,0.056789854988638734,True
0.6008541319632863,0.025956704135101722,0.22806463964044335,0.0928445668445238,False
0.5993106585100645,0.009873740540600688,0.19873841912739015,0.010010749312132071,False
0.5993593667083817,0.08466736696202515,0.11353194367292122,0.09884155335309541,True
0.599900607680948,0.07703733721969729,0.2760050710203009,0.022827696100160062,False
0.599134288274213,0.058095723509471064,0.20765779304481335,0.09995957016392203,False
0.6004326975317413,0.06397340255995003,0.11408339678387326,0.09158440897285812,False
0.5998037736696081,0.059792168764816876,0.19350991571136542,0.09357363827542013,False
0.6007995475373156,0.07478483547583828,0.14077977966162014,0.03293789352750122,False
0.5996533661340948,0.06665665615281213,0.17116231499713552,0.05932465649382346,False
0.5998473880592611,0.029172748971970155,0.11483079008396589,0.05892596647632627,False
0.5996682720722946,0.06408540463710867,0.1990908149140873,0.07701065295052305,False
0.6007752395074867,0.03713239817460948,0.16861589045741604,0.01052952814672338,False
0.5999568898101887,0.09541594569259029,0.10110981089800343,0.02095768062833568,False
0.599379623621396,0.09284905335194914,0.26487770613752426,0.030183637163207398,True
0.5993802595803608,0.09819818707597124,0.13369603418435827,0.06631274453211014,True
0.5996739497288429,0.0043149326634515945,0.2012479566411136,0.025922012185909213,False
0.6004283029962445,0.01200256615063932,0.16959847662174227,0.019718142096689487,True
0.5990514329595678,0.08438566005964533,0.15742193280273536,0.08601382831982762,True
0.6003285130959232,0.004134178287818294,0.13191676935502608,0.0504278172338687,True
0.5992155825150554,0.05905408020882873,0.17588827953953395,0.09551918278469397,True
0.5996802725912502,0.01739514925700319,0.2034387673082777,0.08230261721917013,True
0.6000499167886655,0.00232589997030287,0.2700431411364107,0.06459414338911114,True
0.6000104180465307,0.0445049273089172,0.2703470024099851,0.03536761578613878,True
0.6009723285139188,0.09337702047335611,0.16645043894387274,0.06929738206457325,False
0.6003451235172429,0.09886492485556575,0.23921102607057054,0.09450021104254298,True
0.5992553176453264,0.09915103332331511,0.22315168597898244,0.05435738233416368,False
0.5996074853778276,0.03496619496596206,0.1367942334358752,0.016199767713750382,True
0.5992735235588816,0.04943235225887488,0.10595452303384371,0.027776710872785743,True
0.5993177364834283,0.0187849757540938,0.28611738371057804,0.05623892733052809,True
0.5990231263321786,0.06792056074331793,0.18420895997834605,0.0444516539946305,False
0.5993003971580122,0.037669407213819006,0.21948288558601792,0.08752535190178487,False
0.6007803029447715,0.00809929725334908,0.2653665968058231,0.052145969383425333,True
0.6004611768986,0.0056527600512771515,0.2575766783097302,0.07775296049828688,False
0.5998328256983724,0.029666513757321857,0.13271195349377465,0.031263248993857524,False
0.5991791753117898,0.06493327309051773,0.12370127766980785,0.016921885592828284,False
0.6005668109591589,0.07188881214260459,0.11307206583104767,0.04647947696194281,False
0.5993269337453436,0.03338964896958664,0.23774853642475977,0.03862083195634699,True
0.5992437857084061,0.0933434525595185,0.2262696948524183,0.030289387966467726,False
0.6004894838166126,0.0961509497473147,0.11765508901494451,0.07386699672574226,True
0.5993565214235155,0.018596460018418075,0.1605040143203859,0.06601975015125579,False
0.6009485579539,0.061415436849123886,0.2989384441401693,0.07141040903730392,True
0.6002428944387748,0.07261985027479854,0.2268986580474287,0.09144209666536358,True
0.5996947074318234,0.04870293251130542,0.23842113422350003,0.03842987023436245,False
0.5996740548986026,0.054176282212899836,0.2672426115433877,0.05879090118542603,True
0.600843915119221,0.02703694804160619,0.23260664531036582,0.04527036558346409,True
0.6000402068624936,0.09448320085976183,0.11847713945317362,0.05175492226335564,True
0.6006282453549374,0.011971733760238842,0.22437291861959785,0.06077363775781181,False
0.599347234436864,0.0102466988764565,0.19969608213860374,0.020070724749755922,True
0.6001257270502187,0.05655687334075183,0.2671680295169168,0.044564046530148504,True
0.599121840102615,0.06427012029911768,0.1944225194904079,0.024260048560215804,True
0.6003982529608617,0.026386478016897825,0.23044589066933188,0.04368366318707962,True
0.6001087134588086,0.0623169629670812,0.19756139166886888,0.06800583198170437,False
0.6003717705339073,0.07115618236186533,0.2321871875288366,0.05073276976810876,True
0.6005107658043597,0.001990316791017497,0.22204476238246612,0.01627290774980523,False
0.5992866185429995,0.09805901236135385,0.2389476081552558,0.06304230585566971,True
0.6000954455091818,0.09427288798137588,0.26853333375767585,0.09936737252477153,False
0.600895879632743,0.0413660365031647,0.1865693299548838,0.02126428604333653,True
0.60055857764634,0.017785731827296758,0.2488851942645536,0.07649765164816295,False
0.599701860526389,0.06363019938052476,0.2119504573829948,0.01665169183345072,True
0.5999668182716097,0.04649719968214932,0.11974121187915455,0.07806896837107641,True
0.5993504616173128,0.09100532704520486,0.17400983226309352,0.07209514679196936,True
0.5995752242909574,0.03081301891987273,0.1489652973382508,0.035072892796299736,False
0.5992990314789822,0.03255210759476922,0.12480404021150493,0.06048174744129667,False
0.6001300060099678,0.035756029108438225,0.18669662528486797,0.07674522514734612,False
0.5996146408604599,0.09962558444325242,0.14480811150989545,0.06848779584259948,True
0.5996172634500327,0.042669718615138866,0.10032615936813771,0.04181009718288941,False
0.5990440818467008,0.026831698890009727,0.17421060802202346,0.095811200472298,False
0.6001733649995811,0.06907672059640169,0.18763981017513554,0.0736870570189353,True
0.6000798861667388,0.08509785132587898,0.17735117211233495,0.022004189419260918,False
0.6008609741961752,0.008406493397690836,0.19157190413625103,0.02112443849700822,True
0.6006870503708073,0.02192614869006521,0.186871631233014,0.029875100300358566,True
0.6000433396486119,0.019169950112913826,0.16819591148259813,0.012243589549997984,True
0.5992194000147607,0.05195292937588318,0.18616381654897096,0.033484259070886216,True
0.5990799359103959,0.0309826135798695,0.25795049587705987,0.0702444657700247,False
0.6004791414676462,0.09528631116896813,0.27134103422907885,0.07891800848199412,False
0.5999359821037467,0.05608688632946985,0.10442066156815669,0.07960480487901146,False
0.6008707607184234,0.09839587972134249,0.17661017801502543,0.07088155706914548,False
0.6002554853232891,0.06394294802982654,0.13062339213991594,0.0690602151189896,False
0.5991629907314657,0.05778915959147351,0.15233056499507822,0.08406136350648695,False
0.600930609904885,0.0268913767542994,0.21435606190701406,0.0909520070838977,False
0.6006476043283815,0.07858635326301058,0.296489019880918,0.067074193876168,True
0.5991316083253728,0.06302595967281995,0.28292727366350323,0.0758945246333868,True
0.5999611924944204,0.060804067746863665,0.12687706566869,0.03765178190178561,False
0.6009785865324585,0.0473953924511944,0.27305043814568153,0.018265878673311267,False
0.6006815573381366,0.09086877652980126,0.20591513150439317,0.013525391398600796,True
0.5992662142220061,0.0162763275960407,0.2667265105230968,0.04627799006771897,True
0.6001622687610124,0.025630102108474023,0.20422334648937518,0.09989068714806493,True
0.6006951326462737,0.0070729169178623714,0.20253279291990184,0.0769494721258319,False
0.6009228337013386,0.01550242082430697,0.1339762374872493,0.06279103494491205,False
0.5998089730295841,0.04823442268823248,0.14552459308866425,0.016326290429514057,False
0.6003432017941289,0.03472882979955515,0.1582311177238524,0.010362060026619017,True
0.6001762401316211,0.040563102601217815,0.2514955290332078,0.07342544764530125,False
0.599454527456184,0.04232894887330145,0.2612220373303763,0.08774972552880717,True
0.6009148384532106,0.006134193415030007,0.1958587921310102,0.08572293907726117,True
0.5995157507497659,0.06273287927680604,0.1341121082304388,0.08445989258440904,True
0.5994745831528412,0.09260931594273362,0.26030684565491763,0.018873547376174315,False
0.6007447842941092,0.028256140544495198,0.15324602610662255,0.08190507295186225,True
0.5991914513820569,0.0874108330493059,0.20540840304294472,0.03456079039683452,True
0.6003684104827297,0.04307897901936197,0.2509615858884209,0.012904653963486973,True
0.6006907015474995,0.08640116848876156,0.15219839751363712,0.08606555008157028,False
0.6007041050290023,0.004670395992676905,0.20866981611828717,0.050317262301551695,False
0.6009759921207783,0.06653935933465539,0.1113467286174261,0.09292479632809166,True
0.6009841984065871,0.07062541808561797,0.24092246709862425,0.013781334366462715,False
0.6003242747981378,0.041500943553167836,0.29287839896545376,0.024748378325523453,True
0.5999089376230073,0.05297813844779658,0.14419053510331442,0.0346123159626479,False
0.5999529186394611,0.0504417001313,0.26591029001972144,0.023130165036197393,False
0.6004647794865311,0.062169789483912774,0.29030685810165424,0.029153212322762176,False
0.5994977124277174,0.05057138722449494,0.17057209304260879,0.08945985257909671,False
0.600919886574006,0.04438799205247806,0.2235012493479999,0.09426105440666803,False
0.6002290294724085,0.04339813592054903,0.22860636024677558,0.02076006218901616,False
0.6003546960167957,0.008321942751958196,0.2877107846108263,0.06563188821342446,False
0.6004681911935331,0.05800144705661622,0.11204683769004162,0.0854587870588736,False
0.5992468647334717,0.08918350348796719,0.23823636546782498,0.014311020762676662,False
0.5995663480126648,0.09661740839048236,0.2208425251921783,0.09841338441759677,True
0.5991076741497748,0.028526020099301986,0.23356191833788217,0.013416097882389788,False
0.6005308694713225,0.07174423272776488,0.2551314666086185,0.08240200985666143,False
0.5999879926525274,0.09946659515276468,0.20269492793689664,0.027300667851897865,True
0.5997347571735642,0.03908480805997868,0.15078920611991753,0.017428387343693758,False
0.5995685017665643,0.09579690899067922,0.12815727123807624,0.07679797853807513,True
0.5997950443758323,0.03273677052488091,0.19555151415918043,0.02508020923037805,True
0.6005988008067581,0.031879897919745125,0.2007450488346997,0.09746424546741309,False
0.6003409009144098,0.07540918023428955,0.27949117178451766,0.09616092294695296,False
0.5991999612101437,0.0767396568895084,0.21539433547017767,0.06607076847054176,False
0.6008139352417335,0.08349374221230546,0.22606481938513712,0.06312536685247969,True
0.5996462378111599,0.016856299305626904,0.1270179148980386,0.08191796407065419,False
0.6002322771351628,0.08247032454148777,0.17263180827599656,0.08262039993236618,False
0.6007781286365832,0.018126997066374925,0.28368054848506885,0.019914235918689148,True
0.6003634369255153,0.008969640185856897,0.26556985631206476,0.08931937253488327,True
0.5997629953405786,0.05570561181853402,0.1825909583711152,0.06895567353258249,False
0.600199826271689,0.029429444651401515,0.19312917322269996,0.05294572606017655,True
0.6004096034570964,0.06123168774338271,0.13906323504275953,0.04339560703229206,False
0.599848082389594,0.03685949913478031,0.24061990616482587,0.06325624891871286,True
0.5997172433179272,0.04033179451590109,0.18940107390424513,0.012675134969918246,True
0.5992827483479489,0.014493170554082141,0.12572801670018396,0.05184350193373629,True
0.5992763961461025,0.016948343531125443,0.16102199420984226,0.013243593107219623,False
0.59988146103364,0.01723052074824265,0.2932085427686068,0.04564864570539387,False
0.6007229865130993,0.005193816280701209,0.25659314405391187,0.06214710123213283,False
0.5999218521530333,0.03460244914121306,0.24404528079163088,0.04582117255262973,True
0.5996787734527879,0.029100919539809818,0.2472425296647787,0.07557704411820754,False
0.5995513134036276,0.04123852613239696,0.23604599339052487,0.06067823568345276,False
0.5990181185037968,0.06193991817909812,0.29083886116669755,0.03424380649048949,False
0.6007701588296458,0.06248986276206493,0.21693051918147638,0.07614618604255949,False
0.5990469553869164,0.09599299759449602,0.17339679966195437,0.044340365329405385,True
0.6007651084897564,0.09043476724173204,0.24150871484654104,0.0448261058062002,False
0.6003180934749225,0.035191773930400995,0.26479765518296294,0.06777628043404992,True
0.5997278554309814,0.029579288588246,0.13814809661709504,0.05703066949298179,False
0.6003091368968464,0.029741953043714957,0.2186409714449737,0.03189422463397564,False
0.6006387503093183,0.08803692818248769,0.15252085418179714,0.01780843612651059,True
0.6006648708741785,0.05959021693629042,0.2804831397198172,0.017884388878102418,False
0.5998434602623922,0.07095231996784672,0.29961484353277595,0.08589863849725353,True
0.5993221166271943,0.09858800824785205,0.24498518485743292,0.09904772883334845,False
0.5991826562717466,0.041393337450670545,0.28187950423177854,0.04468300160580951,True
0.6000171944166366,0.08492872928303624,0.10772226547249897,0.04551816458942609,True
0.5996127218297181,0.04765199475211094,0.12241124811410999,0.014523391632672605,False
0.6001502212745535,0.020179758055032495,0.11150779689091438,0.0387978679943174,True
0.5995040724951144,0.010826004288545826,0.2193526308608891,0.08464559818801677,True
0.5990133757060098,0.0011564174431838525,0.13575353638506787,0.01766811301593483,False
0.5993682638441531,0.048336439405192166,0.19663602774296807,0.04514433725996888,True
0.5995793159663833,0.09172242634780996,0.11784128972497071,0.048552084090921106,False
0.6007184677325397,0.01645277074856144,0.2233463807562034,0.03200400508878439,False
0.600306006685374,0.05029001685455902,0.1636486098355523,0.011273579743001586,False
0.5998143290245725,0.008558029405129338,0.2811081902156708,0.011740182292542315,True
0.6007590230941025,0.019263608317182965,0.2791146873086625,0.09874396092884193,False
0.5994507949454299,0.054920717848338206,0.1267670425948908,0.0901399712388272,True
0.6008159434328301,0.005787827842294597,0.12926035618472537,0.07504075918873,False
0.6004402673583911,0.01790983828049905,0.2774218284987393,0.08298455746128207,False
0.600105919397654,0.006326678807164535,0.1194524415171808,0.0728670938836394,True
0.5992407244835667,0.06972625815381643,0.1998468398885033,0.05322050831725494,True
0.6007404707529672,0.008874631145674612,0.16831589312042916,0.09759093793084589,False
0.5998966610271829,0.05535675363345545,0.14178122500086174,0.04848164769327896,True
0.5995361587787525,0.01056260925008911,0.18570022910631928,0.08135455161362093,True
0.6002987145923497,0.0866899688884425,0.179019701342836,0.07488728266781547,True
0.6006404293994342,0.06631581803716151,0.17216679111999691,0.030723576770314766,False
0.5994830296002782,0.05006700549715292,0.27817682275313904,0.05460243857258216,False
0.5994666319668956,0.013600850471027773,0.11816215266739859,0.09647672450202513,True
0.5998997738385978,0.08987853924361516,0.10062780339228339,0.08491790649010227,True
0.5990933506488723,0.053756786473088576,0.298287021948894,0.022598691629227605,True
0.5994277327004301,0.04349538657328112,0.14792967844642915,0.08372156695922303,False
0.5995257808623671,0.02244021589738949,0.16716969844084234,0.031062312329178644,True
0.600139195276317,0.09498712486514814,0.15811048826756252,0.0787532888764979,False
0.5991688840216439,0.06618565101384756,0.10830168239123275,0.07314584342490495,True
0.6000837599866004,0.05142240432493585,0.16523023363031708,0.02262923896987975,True
0.6007358337031236,0.039688131334950805,0.14938859848362585,0.0982213815352947,True
0.6009601148946785,0.02591031094246485,0.2763336424725259,0.0615835590086964,True
0.6000240369885372,0.08800839986244428,0.14741490451963551,0.07094407384530446,False
0.5993335832213411,0.04702739670390424,0.12310745962483047,0.02900467965395717,False
0.6005563801203131,0.03783158557332963,0.287366793757637,0.047363713922015174,False
0.5995982653550049,0.01154381691954083,0.2874338236525655,0.08210245587328796,False
0.5997880210969098,0.006498367988040297,0.22012893519882784,0.06473747565895799,False
0.6004736765840155,0.03640755541948151,0.24602571357553443,0.07723384376430291,False
0.6008843175182332,0.07362861072413589,0.12985821424106037,0.07267088119800197,False
0.5991448000415261,0.032313928359619215,0.10526045801368313,0.04061758957710253,True
0.6007931100863508,0.038013849301712886,0.2783849380422032,0.07902775963480642,True
0.5997734635606861,0.05036303396548973,0.14056840930007553,0.09039171112755003,False
0.6002099599998426,0.06998193856419457,0.12826502187318323,0.07395542108675118,False
0.6006097068404318,0.01893525738382932,0.1635262462328099,0.07463557337589845,True
0.5997427446512675,0.021613901728783455,0.20989232274308928,0.015069982002116036,True
0.6009411614282529,0.07233068864495111,0.26502624223745164,0.06290812646812263,False
0.5999995074482478,0.07555053187005253,0.1814082137749819,0.050029564263832246,False
0.6003053063583774,0.03632949401848147,0.12204806438040916,0.013605425212276784,False
0.6007524073742607,0.07150840624158283,0.2568195720498697,0.022875655727237897,False
0.6002002387778235,0.016039473081193863,0.28624045918359287,0.06367447929163496,True
0.5998687779092629,0.0717865945436927,0.14663656244769888,0.02971060053876412,True
0.6002166548937845,0.09671337555944003,0.2308046431742433,0.0306663040495828,False
0.6001715986391944,0.09494981471975152,0.2173429441514546,0.08246482359057582,True
0.6007954982170653,0.06108786038507626,0.10865914388777438,0.027676226465832718,True
0.6008003630046576,0.06736065999321822,0.24554767584903692,0.03389708949692347,True
0.6006887095080888,0.020207376998809354,0.2945796607172404,0.0192557433895445,True
0.6006791222462168,0.025541698335597145,0.2815445133542668,0.07822384778856506,True
0.6005155847263756,0.014336248772173713,0.18223084819657728,0.0194927117363589,True
0.6002202207863996,0.09202840782090031,0.12090554134308257,0.05347481885114829,False
0.6000299927827665,0.02445824474838738,0.17302344119866603,0.07111671899064537,False
0.5999629981296363,0.031174068866226503,0.17604724536670607,0.03518607771631696,True
0.599565466340463,0.06868393039609616,0.13162572260807429,0.03436276511225487,True
0.5995543497156258,0.028335007768193865,0.26783777677528814,0.05204289100403705,False
0.5993550018835451,0.09322549876087263,0.227272943201224,0.030855245009583955,False
0.6008936670860834,0.03353841489946315,0.2797784679936779,0.04962140352711861,True
0.5998673632936357,0.04712657098134057,0.15493080457468023,0.02452576446971144,False
0.600644403461177,0.03246156448307372,0.24215711908955176,0.06298739028014214,True
0.5993407813189666,0.07763301907363677,0.18048875685164076,0.02119503245589642,True
0.6002756726070039,0.041079459842220896,0.2596688101571909,0.05289075275118928,True
0.6001332846214479,0.09213041374110117,0.15653917140149373,0.034034618527659946,False
0.6006428088257997,0.05333366385496331,0.26064907511110935,0.05062575924152396,False
0.6009891593871575,0.08449733197747926,0.24631962685076794,0.09714611912811699,True
0.6008690783941875,0.00880234278499716,0.15888423179640826,0.04531270940381327,False
0.6001181420664399,0.04390400614251658,0.1723446544107322,0.012037723598434146,True
0.5998520958116181,0.036034115162945975,0.12500005552442067,0.09813117206918259,True
0.6007878147280765,0.0516286386732786,0.22500208168080332,0.044244228521462675,False
0.5992903961587226,0.058997755175932996,0.2245196235766297,0.06515442506505226,False
0.6007209667864154,0.041609989403991986,0.2368654896905643,0.0476456118358541,True
0.599377711214801,0.0235313659623506,0.15381630583908965,0.0540982612100436,True
0.600353424248727,0.0854117801922955,0.19137659872640764,0.02154253881855161,False
0.5998506691933657,0.0836805930869324,0.20952046308116634,0.029277325499088666,True
0.600141315518774,0.09193552928996641,0.13158011731644587,0.08382576990670859,False
0.6005779380133853,0.06929643459533341,0.13888738649209137,0.05900282470589653,False
0.600264944449241,0.018357649530869758,0.17501383107333313,0.010969209403199807,False
0.5995105899348852,0.04074559751542361,0.12459044620884517,0.01538044512443857,False
0.5993741144134305,0.07952137663921109,0.11865806635125731,0.053903608436731774,False
0.5994034229505997,0.03930253962876118,0.2164929505384054,0.046389785718497556,False
0.6003760379012638,0.09466658870618626,0.10853662081692787,0.06873682260028156,True
0.5993483537585064,0.07379746232790478,0.2847143165605324,0.032311023702566916,False
0.6002568023951869,0.005677062248336897,0.10080530404341492,0.02057861505947159,True
0.5999130276579445,0.08284510711418039,0.24029105113312954,0.06726095999887301,False
0.600258466689098,0.06967938768344457,0.23509539352354675,0.0884510291351752,True
0.6000767921785248,0.020377176486942202,0.1429418847401046,0.0525391808161923,False
0.5995233199190277,0.07726305290289368,0.23460087290945958,0.07663830482033127,True
0.6002922419695217,0.03936921538508719,0.15516973990185925,0.06975309164937549,False
0.6002409108811187,0.04502148799687858,0.29713115078572955,0.04863827564373708,True
0.5999965923367855,0.03201682236690781,0.12295169927594876,0.015488744033907615,True
0.5990286707985191,0.07300563401546996,0.22064749337152226,0.08879873142357693,False
0.6005397197938556,0.08680752069482205,0.27733072813018833,0.03963145968685491,True
0.6002844333353669,0.05014922040718749,0.11697366641968822,0.07709489651527969,True
0.6007543200435046,0.009334656126755225,0.2337446469138047,0.09954774140014261,False
0.5994316056046318,0.027483002477305556,0.15134869793393085,0.06982160637264287,False
0.5993937376057754,0.021485752053940245,0.13760187819967332,0.08818082679741984,True
0.6005248121255927,0.018199785262910353,0.29918807714853357,0.0918481732529146,True
0.5999332916116614,0.0909808284390126,0.14841465843500629,0.07857373012647646,True
0.5996828984694824,0.004960888725228552,0.28708648216246885,0.09027224333582484,True
0.5994465888921405,0.018637620998218876,0.12776356950600132,0.07450290501902845,True
0.5994873864333553,0.024064162911223846,0.2690568636723282,0.035665615679015376,False
0.600512255986479,0.025160445871199907,0.16748906397373803,0.03945568624243994,True
0.6004395795504248,0.014627447465508748,0.10572602003941013,0.059658096967340514,True
0.6009057908237747,0.08260728023037697,0.2585645934454364,0.08483104153360009,False
0.6005184709703032,0.034238375967949784,0.23951539991888435,0.09007756805064565,False
0.5992349275410479,0.01396155555531426,0.23392354161980136,0.07082511389091548,True
0.6004162026380153,0.001946673792375821,0.2725752081792956,0.026148167956802457,True
0.6003951002725211,0.05872824604533482,0.29074179984467835,0.057979397245263284,False
0.6006182320782697,0.0817302146921259,0.25326863231012986,0.05753701669244444,True
0.600454169316487,0.06510443890429694,0.20051025987815102,0.0867905341974462,True
0.6001973382155222,0.04111661718142037,0.24794938529977095,0.06574235259949882,False
0.5995924188017612,0.024627610410812035,0.26560654194793,0.09539825301900062,False
0.600009865399761,0.0840833067339381,0.21213167134495947,0.07435962111681793,True
0.6006686769540729,0.08257029078039799,0.14976787167201933,0.024760690707425412,True
0.5997670109861979,0.09248275430873823,0.22700881101521736,0.09626879420722224,False
0.5997503503737657,0.0021917808660092703,0.2641737511040161,0.09319946000859673,False
0.6005073068609001,0.0653631950622988,0.25916186474987,0.016472634447321912,False
0.5997313219395353,0.08226844208366217,0.2435481418661094,0.0685080218238461,False
0.599090753204964,0.07256380091345857,0.1555654539169427,0.06418308689465822,False
0.599307168977754,0.004604897178239467,0.20685476928790908,0.09169194115619696,False
0.6003168486091929,0.09639049237503644,0.13129817439429387,0.0853409063685084,False
0.6008802150661836,0.07650594087001504,0.2540930315193962,0.029970707817907317,True
0.5991374440049826,0.05106500660369192,0.22488366521408,0.04899620997167701,True
0.6007264293358104,0.08161003421823794,0.19827264695358982,0.06778017219277073,False
0.5999834543001501,0.036200843674820536,0.1937149389513269,0.013133001593335325,True
0.6008114102788397,0.07239985354656735,0.2015033596130778,0.03738379325124835,False
0.6001294387250766,0.05676942697890363,0.16491058262132852,0.09490802531505763,False
0.5990755415098927,0.0099322917821387,0.12063364727475812,0.078138748394963,True
0.6004143793262589,0.052118430264498694,0.20888519323705101,0.07623315854674485,False
0.6009836854426508,0.0016128478895335134,0.16283820524839224,0.02632513666755064,False
0.5991723148761489,0.05262630251770158,0.1442406178067519,0.019850313289335765,False
0.600607087383565,0.08630953011350645,0.29954073057688135,0.017972760181973975,False
0.5999504338528436,0.01048364291619661,0.12110241477382747,0.011395224327322529,True
0.5998161010318233,0.07015061992259462,0.2976950108830484,0.0892792990620877,True
0.599837074899804,0.0165721071623492,0.2754017349571941,0.07223586774297817,False
0.6001592188047329,0.009559473302386982,0.21082598152672066,0.011219044972268678,False
0.5990322356540961,0.02993282880821876,0.2371887157475604,0.06058241886696591,False
0.6007853132669742,0.03762829631216274,0.2534509829080892,0.09315953346063681,True
0.6009775118262425,0.06456556280642384,0.12139137417643298,0.051428744537894804,False
0.5994723894506945,0.03130748302488424,0.1398388223471962,0.08033116507569768,True
0.6001866750592006,0.07978543272459263,0.10655705212581847,0.09266610206222323,True
0.6009524443708207,0.04796051587433603,0.11546810363094641,0.06251362462860285,False
0.6009217719153737,0.060176612369151054,0.2694845484236572,0.08413563772019862,True
0.5997236739245255,0.0874755169100911,0.14657522266177722,0.09230016149509962,True
0.6007242452577815,0.06119192199803222,0.2302309011380644,0.035915657297308376,True
0.6007112749097243,0.01958419868841475,0.2865175116395073,0.08205909778353938,True
0.6003507178332091,0.030211318109413084,0.23639343157394174,0.08513881566509394,False
0.5990040545921969,0.010610484532204732,0.1418651525727639,0.08427897732093648,True
0.5991135540458393,0.021711932337544013,0.2699237684083189,0.013003945152267936,True
0.5990565663900544,0.03738452225877949,0.26387034397239706,0.022999840299466636,True
0.5992228049004511,0.026051105647353492,0.1142455960197271,0.05199102699206876,False
0.6007575475984263,0.06644019942867226,0.29672111619901004,0.07496127333385019,True
0.5990264741726568,0.03591328850516252,0.17566059121949398,0.0655606787608035,False
0.6009478923874073,0.05947183450527536,0.24294199605922986,0.06521601517785393,True
0.6009388536820105,0.01573623596541542,0.2520945941831615,0.0827254232955115,True
0.6009081475068558,0.00404157814527783,0.2812271783826352,0.09661182184395618,False
0.6006160774207541,0.07418500507835704,0.18818697232092102,0.09104190893394205,False
0.6008037071805763,0.00488274999519915,0.21764278271357831,0.02460617011494534,True
0.5996360964590163,0.0316507710252323,0.16019481834400562,0.06689126826348585,True
0.599302377751296,0.09440659954832673,0.20105203070853345,0.07274900428683108,False
0.6001530052732645,0.028705615632967897,0.1491838837662067,0.06381631719523037,False
0.6002735669340324,0.08715278211116596,0.2662788265764614,0.05485886709803842,False
0.5995610084760886,0.02466968900638975,0.11036745147746328,0.060034600752091674,False
0.6001948048956139,0.011670349455544352,0.13971081170516697,0.05138537198245278,False
0.5990870806781597,0.05365039325388991,0.23790092473130406,0.022134556734928378,True
0.5992684072325871,0.08357223095937946,0.16620325936993763,0.04162680004502393,True
0.6001466098100025,0.03317683751985594,0.2413482884438258,0.03474195571127558,False
0.5993282809201625,0.06309056067542952,0.21552202259033176,0.09300961789841057,True
0.6007062591114556,0.05109970377371004,0.2747820319197825,0.030889852668807914,True
0.6001921506271259,0.024931026020970786,0.2572600095013756,0.035988887480235834,False
0.6005219665212533,0.08426369655135264,0.22858298907816388,0.03801957777341896,False
0.599512498390395,0.03816645999113162,0.15296142824483033,0.07626263199233904,False
0.6004534438287322,0.05150635701307948,0.21280150465119835,0.050525144353423285,False
0.5993535682421585,0.05460143968262144,0.28675646493862295,0.059555713691911955,True
0.6005341080568313,0.050992612223901876,0.11938116116749845,0.014756597592643902,False
0.6007013731205825,0.07335085094997754,0.27427010131566476,0.09119528953612346,False
0.6007830659827788,0.09025772103685854,0.2608521055402727,0.06035664441601935,False
0.6009031379866692,0.0857900737848197,0.11514659129334683,0.026606899432382453,True
0.600955108735989,0.0035178193280090684,0.10981565601584382,0.01748565258637006,True
0.6008565572827184,0.004391295846079045,0.11527668408051539,0.037622798249196246,False
0.6004266067253594,0.056671356835122186,0.1410098792230821,0.036942388803943904,False
0.599684399977687,0.04612030281828739,0.14204876630949734,0.04359345600487844,False
0.5996678562153313,0.07864264267692826,0.28681856163606584,0.01285240540952877,False
0.5993136417711284,0.08604629037668421,0.16457495228894042,0.07357693987066082,False
0.6009123222954651,0.09316802522799084,0.1942213964617567,0.057091979401401774,True
0.5993453968124856,0.0036364256893916067,0.2803491244717322,0.09112469080420228,True
0.6005418621081621,0.036622487790599664,0.2962147191005384,0.026732346322376914,True
0.6007313878580891,0.042712477339534705,0.22120813495095165,0.07564674784542245,True
0.600356616032735,0.09416432012098835,0.22911904881649725,0.07602198294173514,True
0.6004422407449962,0.08926178939087664,0.14474750213005835,0.07947719063206082,False
0.6003908206425591,0.06608461303718627,0.2748654377560776,0.019321511459364633,True
0.5997774476052083,0.022964047850198416,0.2821248462614779,0.09751365455116046,False
0.5995954772759988,0.052768452271568574,0.22977497432021282,0.018401427012905508,False
0.5994585780715583,0.08056809245388886,0.24985735402609097,0.023948544718994262,False
0.6006046650930503,0.034029318368808306,0.10751644902976593,0.06739552026876414,True
0.6005446220509761,0.0028894566788195985,0.29699508867038915,0.05013197083867704,True
0.6006666349577858,0.0975305914593336,0.15785802925730166,0.08725345801591357,True
0.5995836362910965,0.009626079161978874,0.1568478799978399,0.06171633309752692,True
0.5998655449258581,0.06698731376486694,0.2198618818913252,0.01210548936188901,False
0.6006852492136162,0.0758897002591456,0.11892230461816494,0.03158050853913762,False
0.6006739252377157,0.06683432718000593,0.11013951359097285,0.04761695144078508,True
0.6008275075938987,0.03211545707670879,0.2980107332833944,0.07512561859059293,True
0.6006201529013457,0.08156543817869186,0.2539261164818164,0.08168135197061831,False
0.6003383213685154,0.010194149433724452,0.19020262300025,0.05876832744833238,False
0.5994171584137115,0.09111350414425289,0.14505774839031046,0.07971445148320211,True
0.5995860833977014,0.03544805309286352,0.2801910830684058,0.02490084556720431,True
0.5997475968195132,0.04890251241677609,0.10262703950812457,0.0495016466447103,False
0.5995349368490219,0.09685929585978072,0.2985033554225987,0.07975490292424464,True
0.6004494164612446,0.07735736423206904,0.2880024826300779,0.05440558473986758,False
0.6001909131712165,0.08776296946391524,0.19891557169914809,0.04509193929299439,True
0.6008916192160417,0.09570093317592622,0.16587209064837827,0.08980201084280383,True
0.6004671785203589,0.04681182707371105,0.26189644191265127,0.08837810723925466,True
0.5995769217970891,0.09938816960893156,0.21630766061007206,0.03416833359652965,True
0.6000238703949085,0.058205063252906156,0.2367606329472999,0.042700521073639953,True
0.5993622429884087,0.06502911269044662,0.16463095986107587,0.06440492594048539,True
0.5998453589165502,0.05181301755483361,0.23003015882220645,0.06744110845114952,False
0.5999848068057354,0.045129334034244024,0.2768552736680472,0.09192309882257227,False
0.6002893522181617,0.04971600458930884,0.19237214766442665,0.07298088532102219,True
0.599533404557987,0.013524496906711349,0.25278692139111947,0.07189938713445329,True
0.5990639526023914,0.08521558871635107,0.28384352522635664,0.043822002577172524,False
0.5999434249979056,0.0952338637408504,0.22771579078782558,0.035404980215255503,True
0.5990839643757857,0.022590584755449075,0.1355421316974255,0.0233328938918492,True
0.5998222677431156,0.057431349572655326,0.13858322026454822,0.0648895109973149,False
0.6009915868135696,0.04635546464312056,0.10517776255319759,0.07877187096481793,True
0.6009876415859065,0.06442790919602981,0.10013715236248827,0.03526868692160525,True
0.6005627265879123,0.09791110223940154,0.17094489223770018,0.05079232384684354,True
0.5991975534728854,0.060966576921865176,0.22553682328802815,0.03734879621167917,True
0.6003115156834281,0.05594499460671983,0.2322731703718169,0.0773741252616101,False
0.5997859680144486,0.06258880612080937,0.11368638881445074,0.09272552488599105,False
0.6001561253538349,0.0620543024399928,0.28325072833500564,0.04224506150484381,True
0.5993315712123806,0.01849582926950903,0.24429862728137808,0.018306790122671654,False
0.6002810843746845,0.011399003325511373,0.19405676929255966,0.04055030871379531,True
0.5994774387574827,0.04288338378254407,0.2770948624089973,0.09852452197140708,True
0.600100750188795,0.02775144049037297,0.16193397974314783,0.021956357093002792,False
0.6008286650148617,0.09557721217307073,0.17368649769514383,0.0725397895733369,False
0.5996610290305486,0.014444900950172288,0.2589152765453992,0.042510148914321456,False
0.6008308255786647,0.02733002351110173,0.27325451370174836,0.03885556628872565,True
0.5994395340086004,0.02273890132032602,0.14090261338552545,0.05473759330528924,True
0.6006635950712746,0.012979964244246644,0.1812394283097605,0.03160611021738967,True
0.5998942468965824,0.04360008803230198,0.26214822736170873,0.01433357760890035,True
0.6001157392263528,0.0558234838553897,0.12162027858955769,0.05263900621722099,False
0.6001687814214558,0.0791232123890835,0.28493929057543177,0.05229138695522983,True
0.5992275430835573,0.08900286275317433,0.2577578321406373,0.07765143063158197,False
0.5997974199683309,0.0810894382945962,0.17824894536711455,0.05034416093452525,False
0.5990215687990359,0.026242989756128668,0.28966302716161463,0.0676230003272125,False
0.6003492259478443,0.011099029961334383,0.10497439204268967,0.0401288229934942,True
0.6002352972737275,0.07799349332282772,0.12650290764771338,0.0742166845024493,True
0.5997492753658817,0.08005048947974848,0.28420235894649326,0.038558048911977345,False
0.6001497322826235,0.0475126378691084,0.15873051185277895,0.06991925829088735,False
0.5998106097288896,0.09719675812068963,0.12788070300808435,0.015550592540389771,False
0.6005364566007172,0.038439771036915815,0.27384378687953326,0.08068526134249926,False
0.599547849766552,0.02068411887015223,0.21599656050706312,0.05569060817256201,False
0.6003829754152511,0.007825246525302058,0.21742991670165468,0.09725109581758577,True
0.5994346575759345,0.03267448495188277,0.2240875488238292,0.04316090561530656,False
0.5995296219584586,0.06470974620987602,0.280692628689177,0.026935304639812273,True
0.5990001776147971,0.08138094151621891,0.12151593323764735,0.02139071677588568,False
0.5991386043051496,0.016148473602323188,0.20411813038659005,0.0600828408588353,False
0.6003341799313276,0.060726621534346,0.1544844410173184,0.08111520351840286,True
0.5992097996171944,0.0076600048825496096,0.22298883998518942,0.06265961748240838,True
0.5995719269582791,0.08062061150920673,0.10232236511362164,0.0834213580125995,True
0.6008831857707374,0.05444904742744173,0.21030057180195194,0.0559453308861227,False
0.5995975085877435,0.0062251381815155785,0.10308259981053297,0.06948161908692517,True
0.6007605909938536,0.09770547486580573,0.18280868045906026,0.05907108231039123,True
0.5993159536041245,0.0028573993759143986,0.1643996851089754,0.020519781569310704,False
0.5996396979745446,0.006993747746492876,0.13719938146973346,0.0801111360412306,False
0.6003847826721843,0.028948483298357874,0.18853946177793313,0.0569057811541328,True
0.6005814125684237,0.09134458721956829,0.14601622731432537,0.06678228376964217,False
0.600291396036184,0.02733638035896353,0.19284639409573384,0.021673883937741268,False
0.6000725742513356,0.0532016079777774,0.17280470428239217,0.02881556159697337,True
0.5992070495333646,0.02665599820938133,0.24654473510776348,0.0774629181959842,True
0.5993083545892408,0.04997654747987861,0.26302406161318825,0.0390637641786347,False
0.6005227627439058,0.0072117025246843415,0.2850451331795756,0.03914456697263406,False
0.6007739678655399,0.06033912112931544,0.2729735003823801,0.031814768888451944,True
0.6005527008373122,0.08311879875273487,0.22756530806824443,0.01977117813133617,False
0.5991439492282773,0.003707306708035939,0.19783861103098327,0.030518202650973374,True
0.6008060235492927,0.01491014125721013,0.2124566335772281,0.03332290675539299,False
0.59991621061438,0.0205585500379199,0.15360069622514466,0.07862712595203816,False
0.5990608613581596,0.013847075259487557,0.24690402967369507,0.09069224208952063,True
0.5994418846899957,0.056367459217815226,0.2556960550759263,0.025794275431828093,True
0.5996031098639278,0.05728361699658364,0.2375888002216253,0.09328099468831272,False
0.6001034209917256,0.023230266562799928,0.16138951395087886,0.06883668777964036,True
0.5991705540971634,0.07908080582178957,0.11458377306418387,0.09219184558988483,False
0.6003478551685577,0.07616519050578575,0.23436053070833462,0.047175157509559335,False
0.5996490597231254,0.01514316760746455,0.1559702624846801,0.011963616422577058,False
0.5996354717109978,0.014248752105991011,0.26281228547640856,0.0389284096109153,True
0.5990848784636629,0.03450709844585017,0.11223248198178484,0.020675441026741445,False
0.6009620489391517,0.08964580600200099,0.11991031923563575,0.019068494834414217,False
0.6001264491375788,0.0090476729815127,0.2328776338629584,0.037461797706598056,True
0.5996636228552155,0.05714130234258306,0.295364162459824,0.0804272868340272,False
0.5991502405717131,0.07570375782912929,0.26972934857953335,0.08689515251829895,True
0.6001662418662767,0.08229633444439362,0.25929992921956235,0.09856043030080493,False
0.5996976167295628,0.03900397188404502,0.20732174041520862,0.03670339540073138,False
0.5991816968703614,0.0023930612358940904,0.1514098278388006,0.04785226549566745,False
0.6000357203059449,0.0385674207445318,0.25045386703171024,0.02496006157937273,False
0.5999957609178753,0.014853073770092477,0.11060315433356423,0.07785455593722362,False
0.5996895356532346,0.027124621742542043,0.1668053440833564,0.05652251710331235,False
0.600504126276384,0.007522941336081239,0.12957458527277327,0.045567217367588744,True
0.6001798679758416,0.06374350801104293,0.18558148310450165,0.0382121443517838,False
0.5995577304683328,0.003943830676381961,0.10428702403635991,0.02331021936295349,False
0.600593367201283,0.05860329611991444,0.19255283960021202,0.09898348623443572,True
0.5991861936371546,0.0014531640200443384,0.29168222908392366,0.07754665520370242,True
0.599119002264397,0.0018305964120491202,0.176398633512303,0.04933495149665651,False
0.6007037402786075,0.05756722484695179,0.25225881602420297,0.08634862235634905,True
0.6006249269046681,0.03993291176440953,0.17008046110042713,0.08457387616194617,True
0.5997996373121849,0.04238399679927139,0.15187430240913088,0.06890188949501456,True
0.5994282209537796,0.055180019495975605,0.11111226416781082,0.050888038893562915,True
0.6003377017160609,0.053394896631961786,0.12624594927916008,0.05342040918219658,True
0.5992814948671566,0.020797076105981534,0.27085303165270114,0.01524304348092809,True
0.6001171404353057,0.018259636688516375,0.14356645869753387,0.08357799284062577,True
0.5994255913911896,0.06796268082172296,0.12353797728371588,0.06862828255311215,False
0.6000858389304812,0.07922880466808659,0.23912463880549767,0.02622319320241425,True
0.5999657793508208,0.04966965214466448,0.21373438109156467,0.017132386372254664,True
0.5995411894828178,0.09127719022316091,0.27355266472624373,0.04971978473031041,True
0.5990152989148119,0.0034103764181988836,0.14537166183869382,0.025385859019115848,True
0.6009343086598055,0.045912635579215266,0.1811810104215361,0.03652161434145363,False
0.5991103376968042,0.02008898432102668,0.1981934496978212,0.04120525193200281,True
0.5994945674204342,0.005856493299351741,0.12427049524565076,0.04878215498843972,True
0.6002266257121222,0.06589691625222913,0.2048106317334069,0.06825512144646892,False
0.5998780715476204,0.09588196995975154,0.27277061053449625,0.03643612392740647,True
0.600944767114127,0.07546500313945542,0.20166309920843128,0.08950738985531993,True
0.5993605658841273,0.09464883127884238,0.25438965222279064,0.07232035357488531,False
0.6000649558083914,0.05377641651729776,0.11668144886391038,0.09769457149980544,True
0.5998198908228524,0.08958472462174664,0.25864463889711053,0.057703255543660854,True
0.5991322906312618,0.08996133175795114,0.13293506479624917,0.04026465897785371,True
0.5996045866558489,0.05651939705299631,0.10736212768264841,0.058551162355785266,True
0.6006754484656769,0.04481714289991143,0.2372079731517309,0.05118809780012003,True
0.6008797594037328,0.09924107764160243,0.23448312211269923,0.08501201153284647,True
0.5997814975363657,0.0903517619651086,0.18963302437227783,0.03244715780456447,False
0.6000585938823891,0.025809227609107532,0.2518373764736122,0.09654588451783093,False
0.5998777430279858,0.010311072428469934,0.19192717501415962,0.028320915125133114,False
0.5996868123836824,0.07753540990806472,0.27232009448259736,0.05839099251251859,True
0.6008463550986934,0.07527239711988713,0.1431416634925942,0.014677165109049033,False
0.6002072842314506,0.04215033498151176,0.22984355860820835,0.0619521358988765,True
0.5991930976333711,0.01585006949427137,0.22641012713426115,0.06839856195926927,True
0.5998002718105819,0.00528937436509846,0.211557182939505,0.01396842425180864,True
0.6001650361721586,0.07636132881129985,0.20198959834296137,0.03059432814397365,True
0.5993947933968508,0.0757461211163833,0.12750450339794148,0.06646584100577853,False
0.5998574173222049,0.05765206441947074,0.27576909681518535,0.044040528714244236,True
0.6000515087016025,0.01949057633106774,0.1378262373275245,0.014059356932569005,False
0.5995525993943729,0.05409041386559558,0.15099697497927975,0.05543811154525336,True
0.6004969379841999,0.05705768034886491,0.13928064922124825,0.04621174752654723,False
0.6004916560720627,0.08654291563170247,0.13654337574363987,0.07457647113539127,False
0.5995806985744786,0.08337867561466239,0.17965133311623233,0.07840282200479474,False
0.5992792041503524,0.012920788730117472,0.12534202063510538,0.03490894666337336,False
0.6004860103036386,0.09159118909375193,0.14328436522373977,0.03285365176080913,True
0.5997788037864313,0.09824690898246528,0.26238953828423844,0.0895655283946239,True
0.5991557314872564,0.07408332902162919,0.27446873584869846,0.06336255575749586,True
0.5992219992045784,0.0652928078286911,0.28944535941983673,0.024365992898776608,True
0.5991569395316785,0.08010975108908473,0.26936697578519486,0.09698136038426498,True
0.5996937886652287,0.032818397604444646,0.12059665240680512,0.08441107675906702,True
0.5996717134098553,0.09391844443302176,0.22668971856733988,0.04488992367211089,False
0.5991779853955798,0.055469871616581706,0.25709986372880533,0.08997238078658769,True
0.6008097176220397,0.04012002866413476,0.24040557825112766,0.03555869885302336,False
0.6000529318688624,0.079897796508068,0.11902887223084228,0.058625112181131006,False
0.6004769181668888,0.08763402067237175,0.26818813270540814,0.03402441941803202,True
0.6007913175773529,0.03365047890031544,0.2841071068927369,0.0713091157263087,False
0.5993198113439138,0.04598091274303794,0.14397254150833108,0.05663556155346536,True
0.5996507674313203,0.041782569720834765,0.26379060672196664,0.08735964309701569,False
0.6000694456842919,0.07214062624090457,0.16339569101035067,0.05581248242773058,False
0.6001618097004636,0.043313353228366575,0.18182241200386656,0.08394608866255036,True
0.5993673644422967,0.08078578848300735,0.27410718286168606,0.07936432138058049,False
0.5992453301774792,0.09051106784139207,0.13530465695316157,0.05122355589169864,False
0.5996322866842173,0.0807983446214102,0.29197527281500446,0.08884445760589495,True
0.6004704981418376,0.0152512573705516,0.2788123168199572,0.0573936997250433,True
0.6007322476856349,0.0356194957656932,0.25621939720715303,0.055786652784062835,False
0.599659491920202,0.04403426492179057,0.1164356288186533,0.03000593672442052,True
0.5994331314756469,0.0999584612347826,0.23485539764412716,0.07174556941817938,True
0.6003216087697253,0.010775293039702215,0.1844060886551885,0.050205685089255575,True
0.5995840929296161,0.0827598054773308,0.15618210985472686,0.08324573792514921,False
0.6007287361847664,0.03294294907889259,0.27851404318923967,0.03263913303995906,True
0.6002465714572478,0.08840717500458518,0.2295001740134073,0.09835926669029835,False
0.5995171028359383,0.0337657358615852,0.17551458800313818,0.09135224994536079,True
0.599068349059312,0.020871632704914298,0.1806493299314419,0.033172223051472174,False
0.600457472241206,0.07294076980333575,0.1394119053362584,0.04154539077535887,False
0.6004113374197071,0.00822288864053243,0.12407087253510578,0.07352932802632822,False
0.6005294865002924,0.04923539032773358,0.12874342060792612,0.09454226329923046,True
0.5998204631776111,0.07966429722977288,0.19738800621393357,0.08747562758605527,False
0.5999486837002251,0.022201434609453476,0.10403000823926825,0.0933517604383108,True
0.6003804066291429,0.050700022180814625,0.22830429243581404,0.04194028648322777,False
0.6009075497324851,0.006717317027303854,0.19601718496855397,0.04716964554438694,False
0.5999719296029137,0.00635805881984068,0.2979106513876167,0.031711351453637494,False
0.5998885885855522,0.0404706681099636,0.1309503245263978,0.05192967955171572,True
0.5999747723867255,0.05499836282622492,0.24975326693696376,0.08109582266076656,False
0.6000149465616845,0.035489593226387874,0.28839776505057235,0.019629486891240416,True
0.6000314847745334,0.055316666280652474,0.2307544714749132,0.032171689790232556,True
0.5991608500118825,0.09701735548021748,0.2632900150748815,0.04350759216991871,True
0.5993965700205698,0.04582277520500047,0.15765078786194353,0.040369922301328784,False
0.5999236844033745,0.09268177608918951,0.29432853742342335,0.09497546996300463,True
0.6002159745771091,0.012403955182101401,0.14721033425548247,0.06403156185755893,True
0.6001809844902617,0.01750495236842536,0.21268773043928024,0.054981350162051724,True
0.5992028325161712,0.05255496877957489,0.19321113325139003,0.026099493559494855,False
0.5991851765871008,0.04533267307921585,0.1627544871838862,0.017637800236400058,False
0.5996107106947982,0.06176110289377359,0.12854739218101993,0.03716133204588572,True
0.5990731713192533,0.021511070971453373,0.2180595012624561,0.03786018218491945,True
0.5992952610114098,0.07278925761187134,0.2582972127384774,0.04995547470188485,True
0.6006342228781517,0.016111527219960474,0.21101262499033446,0.022443095601395093,False
0.6005555000312423,0.0923588081124928,0.16301688562289407,0.019159073638481204,True
0.5994459332560494,0.013330346726618258,0.2191092804258843,0.036894513288375785,False
0.6005945879216443,0.08049468972095891,0.2799605845046803,0.029418019040913325,False
0.5991011685298862,0.04522421632331939,0.13835448061307146,0.035766966615364035,False
0.5992655539818378,0.039865568020985155,0.24448413825464563,0.08672797089447545,True
0.6006839236579032,0.09512030474193381,0.14581540134146848,0.06542516886815423,True
0.6009704867343515,0.0960971071309366,0.14241171100638705,0.02025775179620063,False
0.6002051829544638,0.06425210164260783,0.1094118935763986,0.07261710767477239,False
0.5998383156761115,0.06151211309525166,0.18892394612600197,0.024116226480216333,False
0.6001837581304774,0.07387939481947133,0.2022902550337775,0.053740890062955834,True
0.599992218300903,0.05129229329627704,0.1258975263108314,0.04592210283197187,True
0.5993212672534992,0.015412030628149123,0.20374365607023848,0.09605211440662843,False
0.5993904063371012,0.028212587386017993,0.21168600612467153,0.08140946663629987,False
0.5991146461394603,0.07337681802870415,0.19476069143614538,0.06191434798726978,True
0.6005732019293324,0.04726953048116515,0.19219901745975104,0.027500914941687556,True
0.6006990926629733,0.012695484724533336,0.22058711658811153,0.04021840236145113,False
0.6009513188445104,0.0751490237888893,0.10625011850180807,0.07380322351731299,True
0.5994537950141785,0.06959266849268492,0.23249193770435467,0.018601659316937448,False
0.5999544365080911,0.01725990718139977,0.25173201532420547,0.06586063770177021,True
0.6005618606065461,0.029365945764596876,0.1562141192617361,0.016695155646523633,True
0.5990110020774095,0.01887427415317247,0.21063131095966894,0.08100978122642007,True
0.600237070753662,0.08485095560200936,0.23182216209983275,0.0393192264142772,True
0.6006510641091494,0.03745726876143804,0.2892373028847513,0.030088054850455903,False
0.5997339976655032,0.0220941273123843,0.25308615004818963,0.061055259017114984,True
0.5998910643066313,0.07717832345368973,0.10128621637769653,0.059416917974535355,False
0.6008238765613486,0.06895242869860897,0.2615853532089034,0.0325261771651777,False
0.5998723890051081,0.04223260443678168,0.10901330205768688,0.02371143797793519,False
0.6004590984941423,0.04538377950028517,0.2401134994532215,0.05359043988352805,True
0.599305726688863,0.06483817139382583,0.26059520499776834,0.02033902401753767,True
0.5997596948186653,0.07991454286482205,0.18914755086837948,0.09631160700258183,False
0.6002513862131039,0.03003035013000932,0.1827374878974509,0.07161704457273169,False
0.5997697111472926,0.043764545333373275,0.2359013752965863,0.038145351585319835,False
0.6005694155807195,0.044083475738184594,0.2858578201496247,0.06390181322109294,True
0.5998316243008376,0.08614532694103413,0.11584419676104568,0.09477947003025182,True
0.599232403737263,0.08712464427698945,0.2765483238340134,0.053176517677416504,False
0.6000025665416009,0.006822643128009109,0.12021564108037228,0.07073887648622816,False
0.5997412344165929,0.09989658496359881,0.14021194936149428,0.09798105118551836,False
0.6003786459946947,0.07223728144350394,0.2386285784993121,0.027561757651867705,False
0.599705384390329,0.007913912703844176,0.14278052305158667,0.08904051581130767,True
0.6004950278638237,0.08190229858873949,0.16840887889510464,0.018510462420995032,True
0.5994499625311501,0.01249658801687607,0.21463587541651374,0.03940948429934399,False
0.6000860888118079,0.045542817326149614,0.213318138374609,0.04113436243533628,True
0.6004632756688605,0.05866773153691903,0.25001297341666795,0.04104226116279544,False
0.599210277363211,0.059246840795345396,0.18344134959194913,0.030982528958860618,True
0.5991650019340065,0.005391670521356017,0.14568001585804255,0.059804642388004786,False
0.5998844820210975,0.08829088784166013,0.20450468454005216,0.04917293676784729,False
0.6008863278174286,0.09793296905171661,0.1949743739285707,0.023478333633762456,True
0.599261867194258,0.025335019659320706,0.14764875394761284,0.025637529541410985,True
0.6004848501169759,0.057383119895387004,0.1387248865378398,0.04206202579887941,False
0.6000376309362491,0.08549776551143655,0.2927018688943124,0.017081180400246216,True
0.5992497950422128,0.039458218935443906,0.1470779536933394,0.041994689086530756,False
0.6003860241328678,0.05783591393473396,0.2935410867828673,0.03833351386792646,False
0.6001893602190697,0.03506489896192984,0.14835852879818173,0.01676542804442338,False
0.6000881364618915,0.04468710782897044,0.2941033448695706,0.08614734703354965,True
0.5990080799413686,0.0894759352286717,0.13472413838174216,0.06698592049155257,False
0.5996099387328377,0.07460165107221765,0.20814448750608466,0.08627513138079859,True
0.5992971432809964,0.06246172373031098,0.2879714476621851,0.07478941748464821,True
0.5994634203058149,0.043795334984642546,0.1696139934258449,0.03978397339692208,True
0.5996433321272461,0.05477124524234873,0.22466969344633603,0.018079684022039785,True
0.60009686496895,0.0279238134484868,0.10470788021313739,0.0898740964828165,False
0.5996546847140514,0.04900809449256055,0.21397628266872687,0.06121336789745394,True
0.6004076205266291,0.06020678702805436,0.18397360085433748,0.015690054755695106,False
0.5997903006885297,0.024163789271928585,0.1608604723691558,0.03322747942062284,True
0.5994906159808098,0.09225433202758737,0.1517617906537722,0.06130317800772152,False
0.5991402899704151,0.07948781196495008,0.2808593257204678,0.06151715965079966,False
0.5998285268172431,0.023955494919808452,0.2171090142657034,0.06347294346689789,False
0.6008881074253255,0.022340647753167343,0.2720932428439084,0.05842447656555039,True
0.5996252690223738,0.03145637277402176,0.2830209424009664,0.04332333547500674,True
0.5990959516321361,0.04558207725569567,0.17157218233129728,0.048864434062933525,True
0.5992591672966727,0.046917647669803456,0.19947667642372177,0.07031136234586227,True
0.6006321155270421,0.023279644773615736,0.13229540876614815,0.074031248530571,False
0.599409809747237,0.09909384247489023,0.21831646348378686,0.010864400094993752,True
0.6003897243816032,0.017099856646351698,0.29576121591826116,0.08641386065426034,False
0.5994614772591308,0.07448788621149253,0.11187897891549463,0.04616424319128438,False
0.6009100823218629,0.028810560814394374,0.2961794908224399,0.03357131761169983,True
0.5995184178502848,0.01218953939116994,0.11467220391533757,0.05418117807815537,False
0.6008521096429672,0.009210464723184816,0.12966012852861786,0.016976638887141317,True
0.5999281040868347,0.027188055304431673,0.1706685773736933,0.06233413835335992,False
0.5993897259857017,0.026489794836335998,0.15986134303626226,0.08913649735821663,True
0.6007463663520036,0.04091390131372598,0.24818570381448382,0.03440897251049708,False
0.599284595307812,0.07374772421486978,0.10322826404014093,0.05819485052906367,False
0.5993397264033214,0.047832902667476015,0.19072046843855522,0.03499136255894274,True
0.599530617632197,0.0037745452306709674,0.19653592195221975,0.07525641173327789,True
0.6004046142169205,0.08572746337862303,0.19043725058315572,0.013159176007871677,False
0.5990374967854466,0.02505649672863245,0.21408474813465578,0.04654640430616373,False
0.599174863143753,0.039131470462633475,0.20835854993977215,0.08794747244675875,False
0.5999309086250909,0.03445268313786088,0.24278184375968612,0.04545497120975647,False
0.6004370426106493,0.08200523081068288,0.28235153262395907,0.09679572059660214,False
0.599905886565266,0.03834501556617805,0.16791734095227248,0.09957361859190572,False
0.6009645698322593,0.013424792040646106,0.2777050397891786,0.03989824844104955,False
0.5996905503901114,0.021381718085249902,0.11265514377323514,0.0671746909408356,False
0.5992132364274863,0.011394641536524423,0.2959603445236149,0.05654600151572177,False
0.6009247822237849,0.03730339576154631,0.1622087148356509,0.036189347386876146,False
0.5993430379025382,0.04855735669784018,0.27114078964565674,0.08347516486493733,False
0.600134375298904,0.05428468899184077,0.12330830852416233,0.05306804019972703,False
0.6008161592460315,0.003292637887829047,0.19394363276751123,0.0360901961280945,True
0.5995498024053958,0.010057464648700068,0.17686233228918014,0.0576628763582248,True
0.599421223528999,0.08295448666692556,0.24166933429892037,0.01057112268705641,True
0.6005329090075898,0.012611486135657175,0.14138195316270621,0.02876736718934563,True
0.600005855124981,0.07431283454627777,0.2525663281650309,0.054243096929290406,True
0.6008342947869764,0.0141449172084195,0.2227515066562995,0.06663255323796985,True
0.5992389416074732,0.09704181903802736,0.1088471434617042,0.02920058291560025,False
0.6006529182698229,0.06455200029421627,0.13597128045347262,0.07658772237493248,True
0.600527369255157,0.07026395748991231,0.2676655273863243,0.012492723827586975,True
0.5998870242433763,0.0638198796689139,0.13249450764789586,0.089680061801899,False
0.599125937118648,0.05448631897860276,0.22568899422754904,0.012382021277749379,False
0.6008219497661756,0.0487932103291945,0.21790226229065907,0.03212091854364741,True
0.5996211737412541,0.04184637646249454,0.24539229192957984,0.07046228678408412,True
0.599031995406961,0.05603415696062008,0.2467196154964951,0.016045196805764418,True
0.5996450159771278,0.02249745621893661,0.18470658691793365,0.05515110692608108,False
0.5995212010287307,0.07315643219956865,0.14954405027837722,0.01030705941009333,False
0.5994053511577065,0.07524095785041164,0.15006890233868808,0.05628798560941331,False
0.5991288966880525,0.08035493055926406,0.2580019244844935,0.01873423158697677,False
0.6001364971877299,0.0031537740881918946,0.2503061042968219,0.08155806425584575,False
0.5992705717573201,0.06986566795326293,0.23316776627663063,0.09543336290661816,True
0.6006368257764473,0.060413974328629425,0.2626562856735519,0.011088933068500171,True
0.600418394021287,0.01769585297121192,0.23982835404774294,0.0920464162297154,True
0.6008634213626473,0.0011993236478726518,0.128889649422681,0.02272501774762028,True
0.5992052878434605,0.07810550932724143,0.10044878556102414,0.04079219975862053,True
0.6005016548525123,0.0025888581872815725,0.18091206531715334,0.025708743350448628,True
0.600144936608377,0.046573605469976874,0.10210268036999114,0.08651818881580894,True
0.600244035860563,0.020914194219538322,0.21619547060642003,0.029660677168300724,False
0.599400028700522,0.06598920968721857,0.2946416870783753,0.05795590109337214,True
0.6006487504032437,0.09403801125984078,0.1882248605404168,0.04796337774307512,False
0.6005164223686693,0.0657537833155387,0.24565265364331143,0.0279517373745225,False
0.6001237992121239,0.029261598124895417,0.2643656955662441,0.09380441943781369,False
0.5990707171579248,0.07851157780559191,0.10543146035712352,0.09059265295100956,True
0.6003301395849421,0.09897776282650854,0.1951901576797057,0.011037658034379082,True
0.6004936956172533,0.05067136136700187,0.16564884301228383,0.03560317164680911,True
0.5997153353745521,0.08728342427127514,0.20668410728486608,0.030351033524313807,True
0.5997605641278172,0.05968132807042567,0.19924789653485997,0.057289756896660875,True
0.599253126572165,0.00157523662502191,0.17484438538108787,0.04907203773043366,True
0.6002706039293197,0.06708977437373054,0.125509348047792,0.07108462332483086,False
0.6005894938677554,0.07106413474539433,0.2704847312643023,0.08176150611825238,False
0.5993369816859649,0.0964456505580729,0.26359955986127326,0.0800799704677795,True
0.6008195273595593,0.03716572357699661,0.27669103646830984,0.09081654029704357,False
0.6006037382596583,0.03312758736117239,0.20099448477616444,0.046043234420628736,False
0.6004206894635558,0.050889948155688945,0.19537900476815268,0.08528217617828047,True
0.5995736462668584,0.0017568943375188143,0.23539926212561466,0.027849205758935458,True
0.6009693762449084,0.08382075145898615,0.2716512594357528,0.02516999483053394,True
0.6008451891125417,0.0253594523595016,0.20561807520944836,0.07985330648670513,False
0.5991946205887779,0.03433645090534745,0.1596657518179978,0.01166001551708887,True
0.6007679655716778,0.0900409160837531,0.25071607034621024,0.06620768658006378,True
0.6000071191553934,0.06937229254060108,0.19573196139029303,0.07582314366532683,True
0.6009970854570305,0.05885085601427099,0.24938790798200244,0.042794949418291095,False
0.6003618259542599,0.07488325330717505,0.14444608443524282,0.06209641502296984,False
0.5990655435513369,0.055063392355937074,0.15852168462975058,0.08088969110825393,True
0.600113987731243,0.04987364646407936,0.29115675290038784,0.061801062318719624,False
0.6005486399257282,0.08855109025252998,0.1841971078946365,0.08119434506654993,False
0.5997194407462471,0.06289934174967653,0.2687420343445267,0.014176445448041508,True
0.5999471703801337,0.09546935478586621,0.23137541855100402,0.02838037346354945,False
0.5991665934220346,0.069120633704359,0.2817668594098649,0.0426606183216938,False
0.6004036708801904,0.0870234172439892,0.2824465365116152,0.015927377064726495,True
0.5999268485838875,0.0010346092209911686,0.25988534903998084,0.05746476995941574,True
0.5996006962225263,0.0918393760616251,0.209041084261527,0.09865055078821289,False
0.6005867896804232,0.04912901786857988,0.275107048135729,0.059222843392892376,True
0.5999112771372221,0.07006180390538713,0.13427360368585362,0.08151819166672604,False
0.5997924303829749,0.04063900298411759,0.2252830190170911,0.0331294818990934,False
0.5994422351760713,0.0013200054568874723,0.18506313373522118,0.0783714646319444,True
0.6002876958023975,0.04904613308328404,0.2891124789033085,0.04747046991680675,False
0.5993240346078005,0.07439974757128147,0.1117911057498337,0.010690140918983357,False
0.6002954026435187,0.03154092348728692,0.22589859360225548,0.09559842266668779,True
0.6004987413845382,0.09304676704247682,0.10806185755312286,0.07239159926877073,False
0.6000017255588245,0.03610705017396388,0.17184127016103085,0.06337522727471943,False
0.6003977879979316,0.007360579220649615,0.29156767765841923,0.02894492237562287,False
0.599499837287427,0.02435555044049501,0.25592458959042486,0.0858216615853631,False
0.5991591569610137,0.03830938611220955,0.15422497525965512,0.0523400706234057,False
0.6000337634992502,0.052378167147251686,0.16038160832818776,0.021035816815140683,False
0.5997107552430739,0.07030470952455904,0.18218456329528573,0.03775979116056603,True
0.5991179476005339,0.04086103690987672,0.17800875287886708,0.01492657101293169,True
0.5992573574460204,0.016437368575913075,0.16889073218433048,0.04928394194710463,False
0.5994131975386281,0.0072575337428920535,0.16519624420176215,0.0799852648454755,True
0.5992924823575347,0.06285823546405524,0.1793795997761143,0.07408999277652895,True
0.599053249073707,0.06573214034968067,0.24192761846488403,0.049538713487411457,True
0.5990417336485099,0.06824147870109348,0.16163422626664636,0.0101579247768787,False
0.5995013624983804,0.019740884834983832,0.15928184727188094,0.0952992485580677,False
0.6008411296980929,0.03495188542454739,0.1799216971952844,0.047050417730845874,True
0.600359561170612,0.09363195561696411,0.19761588861663132,0.0790460278701356,True
0.6003121226315301,0.0974027145895123,0.24828126190629124,0.028138279554414038,False
0.6002685945160776,0.05226483818310006,0.2856740665764155,0.08826985328884121,False
0.5999376157440776,0.013192896351369596,0.16920186501643406,0.08470275849713556,True
0.5994814083986039,0.04029777378126319,0.20604150160287055,0.07928877216137634,True
0.6000191089273521,0.09290719054590861,0.15460762919432358,0.0428513246728789,True
0.5992016791541869,0.006578074194788765,0.159552052616115,0.03634588921094548,True
0.5999772168152968,0.03675036246430496,0.20317532251384546,0.013957990981647387,True
0.5991277943327855,0.04938300369678297,0.25952276620643006,0.023196024652424437,False
0.599903720781045,0.028826446401883084,0.18025173911514475,0.0680549609085668,True
0.6002220176859974,0.039726393479376246,0.18494746174911,0.07433155745675317,True
0.6005096961135045,0.0677056118442056,0.2987538888849809,0.028002281798157502,False
0.5995451573723428,0.07840808426319386,0.13006590569995122,0.025552101943981387,False
0.6003158464274695,0.008685554492792232,0.103910970256388,0.04691511711631245,True
0.5991520294417347,0.05405709615816185,0.24237550747451908,0.036779159668731895,False
0.5995085914666953,0.06636154135747324,0.2051809372367982,0.085201467367819,False
0.6007511288979275,0.06879689303739721,0.2665711459220355,0.0959447011720733,True
0.5994649335762146,0.048491802698688864,0.10718732692307709,0.043274768911773724,False
0.5990430644292524,0.021227628157030352,0.2278121267563315,0.08894145984539906,True
0.599102959729047,0.06716745245971029,0.17255497744484505,0.02850147601388605,True
0.5994070705684972,0.04628350458876418,0.26888158267293827,0.05335196415260515,False
0.5993652389804172,0.09729304290752613,0.10605300560787011,0.06021963056142248,True
0.5997131401168255,0.012135403431352033,0.16905889080581585,0.08055731474329046,True
0.6000120088439249,0.021189286120457302,0.23172367116777978,0.06652889013568758,False
0.6005474127124767,0.06319697003440027,0.12004333265454499,0.02740156131157479,False
0.5998252933724598,0.061366110662953346,0.27159744449177214,0.08329386793346853,False
0.5998134376913243,0.07655079306374427,0.2471277794698563,0.0417415086418465,False
0.5991091593942286,0.01683388293347224,0.2494821521019669,0.08711862686429651,True
0.600583794172274,0.07206645102244183,0.1735305431989766,0.023558470400653307,False
0.6008598541354649,0.03129126202577675,0.15721220299388555,0.05609073098361635,True
0.5999913093089331,0.058226522340166134,0.15274475090768294,0.06952107587984786,True
0.5995898462971613,0.07119808517164858,0.2355993172225858,0.013459712914591426,True
0.599656493636413,0.08884574758087144,0.16414546549257136,0.06918346880264722,False
0.6003223341601394,0.09680165591926398,0.2855082799197386,0.0831148979916332,True
0.5999721920191985,0.04419948020328086,0.1510315691890072,0.04493542340032029,False
0.6004450353388682,0.059817298573564576,0.1505219604991633,0.029502068040817495,True
0.5999697541012713,0.0832174645962034,0.1702348654877998,0.015818031141262047,False
0.600296517737307,0.054736311054425515,0.17775994654518468,0.06242247396787166,True
0.5991493563938602,0.06805083124902682,0.10692350424664493,0.06966134274105151,True
0.6000391887253727,0.02303082463481882,0.18013316662838644,0.06470599555372614,True
0.5994929793417639,0.05294796017629124,0.29055904628201845,0.03984067831356205,True
0.6000441551964126,0.028112261346294565,0.14012270974208316,0.01655247039721175,False
0.6004359851986507,0.019023404923689355,0.1436945090286455,0.021820551052871014,False
0.6007396972082358,0.04808558432422665,0.2223588026098822,0.06359032111147116,False
0.5992242090472398,0.07088930291864995,0.24328045287259517,0.061182890037903954,True
0.5997874311157753,0.0218461452565896,0.13623583007543594,0.07014971170666028,False
0.600090889315604,0.07692775981132355,0.1778954786703068,0.06055625187819705,True
0.6009954248688113,0.02571294897872404,0.17858202292305947,0.0675692522245442,True
0.6008374829932698,0.059143534337838664,0.17891982522368394,0.051512047409570785,True
0.599870977638321,0.08818032850661206,0.1302793838906167,0.01272753019511975,True
0.6003027984888396,0.06758314288944887,0.11256898179150458,0.042159999655556585,False
0.5997575297763104,0.08971127241059525,0.2046291020880902,0.04411238815042924,False
0.5992626404064886,0.08871736181280908,0.21481648714709495,0.07916925108626917,False
0.599370890224818,0.06332038090330892,0.11324309111712705,0.08423090858624097,True
0.6009370971193406,0.004857578838654249,0.17657978855855527,0.058101936185288354,True
0.5998049374471576,0.08387035462362942,0.22028576563898986,0.015141151596755952,False
0.6001747287133887,0.02366869881030391,0.19707303393968992,0.0755053540447009,True
0.6002180760948703,0.09068307843082386,0.28531589269042035,0.07519457243073249,True
0.6005428099286173,0.07597579064157059,0.28879161683300836,0.03659071273641697,False
0.5992366234723197,0.059941112233856286,0.18722138901881574,0.040737213768563034,False
0.5994847629029066,0.06554355753991012,0.23979652498519546,0.037047222724032054,True
0.5999397868203055,0.0027274000848997596,0.11601893069588642,0.04235727115475367,False
0.600596873656069,0.014041640097705439,0.19091671639910623,0.07948377947968678,True
0.6006276081475115,0.005492251791132182,0.2476241121740664,0.09052551772078675,True
0.6003270964596498,0.010978884265719212,0.29727303039595065,0.05781247525309948,True
0.6000215530371912,0.019999744682119576,0.2145454387382722,0.09174684038976245,True
0.6008245874426956,0.014967704107163953,0.1625398715651519,0.05928035172454213,True
0.6002483340198383,0.09775625429874081,0.18315762536352237,0.032718756810870504,False
0.6001436542381535,0.04672624858299149,0.23401289391308697,0.04775408824421895,True
0.6002252328143766,0.049556349734408534,0.1333280844870839,0.031444212264457226,False
0.6006124158718247,0.0907208363529015,0.20979641080274947,0.025401517167590627,False
0.6006603361213888,0.05177645174060243,0.1330180941260562,0.09776086541177562,False
0.5996302408342856,0.007630750222483573,0.23658433845407148,0.01895242160339866,True
0.5997832505499746,0.016687844464008124,0.22258112974763317,0.03719159035637354,False
0.5992281379711193,0.029809430570818595,0.2889791439637853,0.04297724426711958,True
0.599940603101704,0.0852765084797425,0.11383269918744467,0.09351210477094686,True
0.6006112745343173,0.011037334906671522,0.2792166623775121,0.09966135979585063,True
0.5998747342927498,0.06179676161781339,0.12469259908654043,0.08793290169976835,False
0.5990170175751979,0.0021753600743967417,0.26745131652043563,0.0712452930585437,False
0.6008960067790692,0.03178705688191159,0.24756711425388067,0.041443997416138835,False
0.6001079220793887,0.05564581416294354,0.20847859950131045,0.0467529930532733,False
0.5997218707753433,0.028513134779787612,0.2439808031338796,0.0822482372858593,True
0.6007131244237756,0.015305098262781529,0.1775897275037881,0.09706826276352555,True
0.5997542950751404,0.03410179729183908,0.13503171400777936,0.014829213834336035,True
0.6000991995893346,0.04775746517549456,0.2661110842713167,0.08558115313404195,True
0.5999181357025672,0.05685771265314774,0.19116252866422262,0.06546743182871567,False
0.6007179757830201,0.0707607425660302,0.15570555899029603,0.03624789889623237,True
0.5999896509543523,0.023847089834507125,0.1093018482259457,0.023661259960603684,True
0.6009175228783415,0.03695440870477789,0.25601922723820836,0.02651532466324117,False
0.6008722932212271,0.052425782299548154,0.17178188234808978,0.055299256952479434,False
0.5992882201376255,0.019346904137997684,0.2446627287723783,0.06641571468101705,False
0.6004827242142763,0.04325583361130627,0.2645932050887809,0.07640721821252444,False
0.6004136545136494,0.00515462429750021,0.23564807969321155,0.019440591113788666,False
0.5999818435632704,0.0901473309059293,0.2216564474526137,0.04046487055771383,False
0.599007978658908,0.08330648210560478,0.275214597234903,0.020132328992548708,True
0.6005710298587563,0.08495737762656422,0.1034891171022694,0.02177557413828173,True
0.6006234424548261,0.04487794395545272,0.18708057876441841,0.07536633563534072,False
0.6006930703385743,0.07668244879356317,0.21346914640071352,0.05824017614990955,False
0.599862150848505,0.030672427622250455,0.1171162172415326,0.08026920318306856,False
0.6005646928230506,0.009722831961300606,0.1349510901867092,0.09461946043598199,True
0.59948812978727,0.011798984761494474,0.1566737329638725,0.05097751443336286,False
0.6002770206583367,0.09958282810827193,0.16619495639931176,0.027034999954683656,False
0.5997644914968878,0.022835000797114997,0.15037157042122082,0.09405360755720717,False
0.5995584837932714,0.07058858161324494,0.175399876301642,0.048227529845531684,False
0.6007146579789528,0.08933527808454264,0.2512588004492684,0.012534175003175737,False
0.6008388886904902,0.07781263970116924,0.2156519497226862,0.08810742357854413,True
0.6007897036175149,0.0457016088177765,0.13348677996876407,0.0483185329267033,False
0.5998349335337925,0.09144625583247258,0.2707345378322217,0.02860875042272424,True
0.5995070240877239,0.08141683455304653,0.2288840094891394,0.06534600848283548,False
0.5996645848181112,0.00793290421402083,0.22364422622853608,0.020805257752022504,True
0.5997710753322241,0.03332919168090203,0.21239980040663137,0.06393626351099312,False
0.6008045768186906,0.06816749007345257,0.28443244642091003,0.011480982908112877,False
0.5990775557662061,0.04302525540541191,0.27193326537210183,0.09945208397304736,False
0.6007691610074499,0.06340735502818684,0.24849002139851112,0.044001173046786864,True
0.6000660818061749,0.07140876113328581,0.11082625366234666,0.04807070419862538,False
0.6001857844684483,0.003274847541183934,0.16201760204860374,0.02227931325225815,False
0.6006315352552354,0.042497680512299754,0.19689574612022112,0.03792433689824724,True
0.6003643127454532,0.004488183118311195,0.2948244339735831,0.012302847102226287,False
0.6002626553976323,0.08212946545265673,0.13603209879632983,0.023796405864399798,True
0.599231635621462,0.07271689098780666,0.2166729701251346,0.04573075083179083,False
0.5995037507958126,0.06068843017441421,0.13746872282295966,0.09367205299876429,False
0.5994376425369711,0.03297856221115411,0.2063478679063797,0.023977194464628596,True
0.5994688594827191,0.0059622931911733025,0.22151640730914893,0.03920670924257783,False
0.6002101144508897,0.036686524115436,0.10243223873209148,0.02217752468432612,True
0.5990883953167967,0.024777905074156528,0.2669139355485036,0.04123636391984618,True
0.5996198049108936,0.08300230894640703,0.18598609804223915,0.09243816690004934,False
0.5993852448346024,0.02341847780339188,0.2930279101642436,0.09253862314653942,True
0.6003757587183817,0.0030787821182358963,0.25542247740737467,0.013738432044798212,False
0.5990976463093699,0.009447627295789855,0.1875714786482702,0.08782942989885217,True
0.599892348486083,0.058322173427115716,0.11754519891102118,0.05719674065301989,True
0.6009420932476077,0.05393487284996608,0.23331575048050118,0.08870348281655463,True
0.6008518234641719,0.012326012743206282,0.11049108539358794,0.0516106929704519,False
0.5997071842386594,0.08846544975844178,0.13052342515347198,0.02037977045069354,False
0.6008649274903698,0.038904229449388816,0.1096387608615664,0.09372068107751712,True
0.5999582539699748,0.034774395643096895,0.20210908552460527,0.04134847422280488,False
0.6005752409093085,0.07626918634924601,0.23119925652892578,0.09925133155777664,False
0.6008679549647776,0.09863231712922936,0.2974287586926007,0.09388348886141278,True
0.5990349741655137,0.0445735872717053,0.20286876707621104,0.031408800565319916,True
0.5990397679721681,0.0809162717497624,0.17470471930167714,0.09520110760143549,False
0.6002608366747496,0.08561281060256565,0.1862689007466519,0.017278123483666464,True
0.6007482935978655,0.0789904151389517,0.17711028160028924,0.010791514230032767,False
0.5993735305035651,0.056268359302886636,0.11633819581303567,0.0563604281727608,True
0.5995908518249569,0.026322950751307975,0.1795711151508596,0.07722738578961691,False
0.6005846751501049,0.08402062322978353,0.14225251769985112,0.08078806927454327,False
0.599855648891345,0.07887632607334209,0.29923510345135357,0.05467005394081839,False
0.600332624747221,0.07784714053433768,0.25284032265751705,0.06818223264473963,False
0.599104471710464,0.06218832010972399,0.20381169431484347,0.09086931098176383,True
0.599250005800331,0.028018481502635324,0.10189204491814222,0.029538518313135156,True
0.6006767568302069,0.07695384324119493,0.16552410089001945,0.05273424002476588,True
0.5998416396973905,0.09411295578062245,0.18783138586279005,0.09603846147562052,False
0.6000616355126501,0.08456198981335297,0.24876507585691898,0.040945628375400056,True
0.5990674212220833,0.042003355052376255,0.14148160626681885,0.06086561936432214,True
0.6007373243450777,0.011241004272558683,0.1853925948783431,0.09212145478664364,True
0.5995387887282524,0.08645172449037071,0.12902078782201704,0.047998442290117016,True
0.5996410734238663,0.05698563638405442,0.16726217992664705,0.049823278185723206,False
0.5993994160708568,0.08110637675677264,0.24585861154342478,0.07168850128342506,True
0.6009568076376467,0.03956046048841551,0.10364327539510672,0.04244746764172188,False
0.5994191211427504,0.052867715778168144,0.21518135156487483,0.05546284069527448,True
0.600230358923657,0.009294663865601772,0.1261198547794422,0.09668088610175522,True
0.5997242876788952,0.06845314732011115,0.2315975111231411,0.0467050741205277,False
0.5996262007233609,0.04821671673452098,0.25662262831145843,0.0699454215854365,False
0.6008996566145438,0.06050640510492422,0.10140294324435767,0.027150197026700948,False
0.6003730911519842,0.04430448714645532,0.21845921223928783,0.054491614273640236,False
0.6007087265439385,0.07749441137509575,0.29377888613823344,0.05508949975367612,False
0.5996226175798557,0.0147243996242544,0.2835718150905773,0.06025379478246909,False
0.6006149542333048,0.06001248510628721,0.26163126808253895,0.0884996201141806,True
0.6008769166139812,0.03389078436113952,0.14818502552869317,0.014490296290342587,True
0.599217347360132,0.037765368190995116,0.11563692191989267,0.09804348706319353,False
0.6008483907097965,0.02204392815904883,0.25527191195063015,0.09434812258027823,False
0.6006591010456458,0.09245910735003786,0.19859469623905965,0.05605194048215719,False
0.5994714137913044,0.030532612431397866,0.2210831321089825,0.05110627365046864,True
0.6006967678395966,0.024242012945993933,0.13110851524943862,0.021491560458330606,True
0.600081997580166,0.006869011035942999,0.26829303949831973,0.07200035663941175,True
0.5998586248033384,0.01797516180633427,0.16388145020767025,0.06431230719142693,True
0.6002386003261508,0.05120659757763284,0.2000747627144182,0.01025319500845526,False
0.6003665757442856,0.06689237368265276,0.12396434929424002,0.06262100629676691,False
0.5997538742958032,0.06832615361066383,0.29211604505444777,0.07306131995786086,False
0.6000567690432705,0.035278019535989476,0.17122249125050826,0.09690320968721855,True
0.600926081089815,0.03379497356154722,0.18937887331070813,0.07327412845218009,False
0.6001544155254988,0.07475392756019242,0.2130643098651147,0.04304298290923469,False
0.6003015923996768,0.09631802030645042,0.11299290489866348,0.09786412374994173,False
0.5994109453152104,0.08422039124922821,0.18332231302912327,0.05972422843237796,True
0.6000710452435924,0.06943440855145447,0.1321275401027771,0.02689282351142934,True
0.5990812978492082,0.02312203885148594,0.2549558255149097,0.08716716387798684,False
0.5990558769790669,0.026629455120886575,0.12268920336120265,0.09246908580395168,False
0.6006706897582648,0.07159263927255097,0.1927735810191654,0.09916062995712382,True
0.6009322249115127,0.04754674588725569,0.1698611976871498,0.0778820604777117,True
0.6004508257044773,0.03809182887462426,0.20787727781421256,0.04732892397228684,True
0.6003921806507645,0.06750489652298752,0.136921094882064,0.06939742861538688,True
0.6009924768199454,0.0868814794133424,0.20701420524990316,0.03378508884057228,True
0.6009987454893397,0.09371590470224518,0.24907922861197276,0.02721148015039935,False
0.6004234919118432,0.015766311719833438,0.2759403875202525,0.031160905146448148,False
0.6005917799413477,0.07878847035691923,0.14631909918196742,0.0483680733832361,True
0.599415855248771,0.03874340837604545,0.16152540697021228,0.03478995876890689,True
0.6002798773170641,0.06888298685837109,0.2003306885725546,0.04687171543610063,True
0.5997398132376258,0.02765513034754609,0.16761363481968994,0.02645644278368134,False
0.6002035662399974,0.02048138821361495,0.15346057184194056,0.03959292477561729,True
0.6000277347195518,0.035661727226278854,0.20934229540480442,0.03361208635891456,False
0.6002535190929562,0.09978575195964244,0.24507541387895865,0.02822089549027032,False
0.5990994760723086,0.09477219079075065,0.11834751696249655,0.03298516500126286,True
0.6005023127904542,0.0117368361513932,0.20520326126335137,0.017326247808102734,False
0.5996292350981682,0.07831349242772878,0.21042452091727729,0.05242950903006148,True
0.5995427704934951,0.07348118909342986,0.25452501913583225,0.06447074006786971,True
0.5993872262747737,0.03651097251496737,0.2536132463549903,0.0551930770697376,False
0.6000927280791346,0.08593916490393766,0.29249374712297227,0.08659443675660522,False
0.6000628353251007,0.08785855106748205,0.15702782098677115,0.015992793450503306,True
0.599146102337273,0.002560626029248565,0.20328362684890694,0.08060192144059952,True
0.6004815484878022,0.061645962253752205,0.1498532439378618,0.06414186529278286,True
0.5999443790709464,0.08026882960976747,0.2955515758901744,0.07797109461274351,True
0.599457103618353,0.031017329186935613,0.10160550293832109,0.011591197582886,False
0.599335190818097,0.07932103415504795,0.29983668956315435,0.0914984894361188,True
0.5990588005493415,0.03194508036116477,0.2511678530474557,0.01563258273655207,True
0.6007966076320883,0.05850113044331393,0.2951883060219692,0.0830361004208342,True
0.5997744916197018,0.07606516369813046,0.18362564658374056,0.04450264070206582,False
0.6009595066075297,0.047225809106144864,0.10661297059897501,0.09036167041241402,True
0.5994225123045028,0.04622314074227253,0.10787719604523914,0.03368105282261426,False
0.5998839033263208,0.008519004994023254,0.1887310742034391,0.07064813384015597,True
0.5996999775886027,0.09352559587304567,0.29239584166919047,0.015015936095178307,True
0.5997030853483873,0.07042434448193127,0.22933814084963136,0.061452619055818135,True
0.6009802247272003,0.07401517620517746,0.2238812044637995,0.05554879091452569,False
0.6009011479519933,0.08600973534587021,0.28261209400952114,0.06589391972178225,False
0.6006012718468168,0.030343261192639547,0.13450675608440812,0.08363176957922488,False
0.5999072706518769,0.03071028311880607,0.21971519920688354,0.043896461484576904,True
0.5997080016650639,0.07136880548803344,0.23803660427761297,0.09731370618939256,True
0.5998612146698433,0.08757356033761537,0.2425849945891889,0.024413565598568804,False
0.6008321337768054,0.013680032594610207,0.12184625538124302,0.05991701537147099,False
0.5997284298898027,0.015563844398981029,0.10283446163152232,0.02598160371822987,True
0.5999248910653514,0.06854388619885618,0.16075013266761873,0.07319472599310708,False
0.6001111672176354,0.052028141700862215,0.12232233758290532,0.07007577682195743,False
0.6002665440701418,0.08124178902236147,0.17445451571318277,0.08698899080713016,False
